https://www.amazon.fr/Console-PlayStation-5-Numérique-Slim/dp/B0CLTBHXWQ/ref=sr_1_3?dib=eyJ2IjoiMSJ9.REo3-u8S1kuPIFTfcZpqu6Hx7K-GXAhWdSGD6n-801sD77pb3JUE9lXcrAVP9cvZETuYQf8CrKVxa2iUVVucyFre8Vpt-WVt6PuH4-RR2cbhvbQp1vsyMhuEeyyQY_D8HDCn7cr6izZQBAAbQlPfWMzzCZLrjmsDVdPDJ6YqnnoWsbI3AMhMtdIlMzNjZim9HDO8ea1972VWWL0m751Mvk477V7ETWUZQFciQLUXfRiQftgkPwYaZ48cDYchK8C2xQ0j9fvjYZlZO2_HF65SGOq0cJhMBjbCNr9kixkPba5ddw9GzQ_HXfkPY0cqqUfnw6x-tX2jJvDXaPssRHnR3_auPHuIioEvfLeWOd96achqQ64Y3PmZVkJiaviH4UayuC4BNvpuL-AiThkcjcwlN-Xt8Eeh3aCiBMSxUzhza1S08XTWmA5qzfotAaFNRm0k.vlD9L4khROgKHWuerdny23VhOxnSN35OxR5Kjffp0qI&dib_tag=se&keywords=ps5&qid=1737905536&sr=8-3&th=1,
https://www.amazon.fr/Playstation-Sony-Manette-DualSense-Couleur/dp/B0CLT54ZNZ/ref=sr_1_4?dib=eyJ2IjoiMSJ9.REo3-u8S1kuPIFTfcZpqu6Hx7K-GXAhWdSGD6n-801sD77pb3JUE9lXcrAVP9cvZETuYQf8CrKVxa2iUVVucyFre8Vpt-WVt6PuH4-RR2cbhvbQp1vsyMhuEeyyQY_D8HDCn7cr6izZQBAAbQlPfWMzzCZLrjmsDVdPDJ6YqnnoWsbI3AMhMtdIlMzNjZim9HDO8ea1972VWWL0m751Mvk477V7ETWUZQFciQLUXfRiQftgkPwYaZ48cDYchK8C2xQ0j9fvjYZlZO2_HF65SGOq0cJhMBjbCNr9kixkPba5ddw9GzQ_HXfkPY0cqqUfnw6x-tX2jJvDXaPssRHnR3_auPHuIioEvfLeWOd96achqQ64Y3PmZVkJiaviH4UayuC4BNvpuL-AiThkcjcwlN-Xt8Eeh3aCiBMSxUzhza1S08XTWmA5qzfotAaFNRm0k.vlD9L4khROgKHWuerdny23VhOxnSN35OxR5Kjffp0qI&dib_tag=se&keywords=ps5&qid=1737905536&sr=8-4,
https://www.amazon.fr/Sony-PlayStation®5-Fortnite®-Manette-DualSense/dp/B0DK9RQ6RK/ref=sr_1_6?dib=eyJ2IjoiMSJ9.REo3-u8S1kuPIFTfcZpqu6Hx7K-GXAhWdSGD6n-801sD77pb3JUE9lXcrAVP9cvZETuYQf8CrKVxa2iUVVucyFre8Vpt-WVt6PuH4-RR2cbhvbQp1vsyMhuEeyyQY_D8HDCn7cr6izZQBAAbQlPfWMzzCZLrjmsDVdPDJ6YqnnoWsbI3AMhMtdIlMzNjZim9HDO8ea1972VWWL0m751Mvk477V7ETWUZQFciQLUXfRiQftgkPwYaZ48cDYchK8C2xQ0j9fvjYZlZO2_HF65SGOq0cJhMBjbCNr9kixkPba5ddw9GzQ_HXfkPY0cqqUfnw6x-tX2jJvDXaPssRHnR3_auPHuIioEvfLeWOd96achqQ64Y3PmZVkJiaviH4UayuC4BNvpuL-AiThkcjcwlN-Xt8Eeh3aCiBMSxUzhza1S08XTWmA5qzfotAaFNRm0k.vlD9L4khROgKHWuerdny23VhOxnSN35OxR5Kjffp0qI&dib_tag=se&keywords=ps5&qid=1737905536&sr=8-6,
https://www.amazon.fr/Sony-PlayStation-Manette-DualSense-Couleur/dp/B0DHSV68YZ/ref=sr_1_8?dib=eyJ2IjoiMSJ9.REo3-u8S1kuPIFTfcZpqu6Hx7K-GXAhWdSGD6n-801sD77pb3JUE9lXcrAVP9cvZETuYQf8CrKVxa2iUVVucyFre8Vpt-WVt6PuH4-RR2cbhvbQp1vsyMhuEeyyQY_D8HDCn7cr6izZQBAAbQlPfWMzzCZLrjmsDVdPDJ6YqnnoWsbI3AMhMtdIlMzNjZim9HDO8ea1972VWWL0m751Mvk477V7ETWUZQFciQLUXfRiQftgkPwYaZ48cDYchK8C2xQ0j9fvjYZlZO2_HF65SGOq0cJhMBjbCNr9kixkPba5ddw9GzQ_HXfkPY0cqqUfnw6x-tX2jJvDXaPssRHnR3_auPHuIioEvfLeWOd96achqQ64Y3PmZVkJiaviH4UayuC4BNvpuL-AiThkcjcwlN-Xt8Eeh3aCiBMSxUzhza1S08XTWmA5qzfotAaFNRm0k.vlD9L4khROgKHWuerdny23VhOxnSN35OxR5Kjffp0qI&dib_tag=se&keywords=ps5&qid=1737905536&sr=8-8,
https://www.amazon.fr/SONY-PS5-Slim-Digital-D-Chassis/dp/B0CVB8CFB6/ref=sr_1_13?dib=eyJ2IjoiMSJ9.REo3-u8S1kuPIFTfcZpqu6Hx7K-GXAhWdSGD6n-801sD77pb3JUE9lXcrAVP9cvZETuYQf8CrKVxa2iUVVucyFre8Vpt-WVt6PuH4-RR2cbhvbQp1vsyMhuEeyyQY_D8HDCn7cr6izZQBAAbQlPfWMzzCZLrjmsDVdPDJ6YqnnoWsbI3AMhMtdIlMzNjZim9HDO8ea1972VWWL0m751Mvk477V7ETWUZQFciQLUXfRiQftgkPwYaZ48cDYchK8C2xQ0j9fvjYZlZO2_HF65SGOq0cJhMBjbCNr9kixkPba5ddw9GzQ_HXfkPY0cqqUfnw6x-tX2jJvDXaPssRHnR3_auPHuIioEvfLeWOd96achqQ64Y3PmZVkJiaviH4UayuC4BNvpuL-AiThkcjcwlN-Xt8Eeh3aCiBMSxUzhza1S08XTWmA5qzfotAaFNRm0k.vlD9L4khROgKHWuerdny23VhOxnSN35OxR5Kjffp0qI&dib_tag=se&keywords=ps5&qid=1737905536&sr=8-13,
https://www.amazon.fr/Console-Horizon-Forbidden-West-Bundle/dp/B0B11RR7TC/ref=sr_1_18?dib=eyJ2IjoiMSJ9.REo3-u8S1kuPIFTfcZpqu6Hx7K-GXAhWdSGD6n-801sD77pb3JUE9lXcrAVP9cvZETuYQf8CrKVxa2iUVVucyFre8Vpt-WVt6PuH4-RR2cbhvbQp1vsyMhuEeyyQY_D8HDCn7cr6izZQBAAbQlPfWMzzCZLrjmsDVdPDJ6YqnnoWsbI3AMhMtdIlMzNjZim9HDO8ea1972VWWL0m751Mvk477V7ETWUZQFciQLUXfRiQftgkPwYaZ48cDYchK8C2xQ0j9fvjYZlZO2_HF65SGOq0cJhMBjbCNr9kixkPba5ddw9GzQ_HXfkPY0cqqUfnw6x-tX2jJvDXaPssRHnR3_auPHuIioEvfLeWOd96achqQ64Y3PmZVkJiaviH4UayuC4BNvpuL-AiThkcjcwlN-Xt8Eeh3aCiBMSxUzhza1S08XTWmA5qzfotAaFNRm0k.vlD9L4khROgKHWuerdny23VhOxnSN35OxR5Kjffp0qI&dib_tag=se&keywords=ps5&qid=1737905536&sr=8-18,
https://www.amazon.fr/Playstation-CFI-1216A-5-Standard-Console/dp/B08H93ZRK9/ref=sr_1_16?dib=eyJ2IjoiMSJ9.REo3-u8S1kuPIFTfcZpqu6Hx7K-GXAhWdSGD6n-801sD77pb3JUE9lXcrAVP9cvZETuYQf8CrKVxa2iUVVucyFre8Vpt-WVt6PuH4-RR2cbhvbQp1vsyMhuEeyyQY_D8HDCn7cr6izZQBAAbQlPfWMzzCZLrjmsDVdPDJ6YqnnoWsbI3AMhMtdIlMzNjZim9HDO8ea1972VWWL0m751Mvk477V7ETWUZQFciQLUXfRiQftgkPwYaZ48cDYchK8C2xQ0j9fvjYZlZO2_HF65SGOq0cJhMBjbCNr9kixkPba5ddw9GzQ_HXfkPY0cqqUfnw6x-tX2jJvDXaPssRHnR3_auPHuIioEvfLeWOd96aci_9ytQh-AkGJ39t86nhZQSQWa6LhTs55NkbW9Aw8MiG03n4hmnyiVREQzYD41DC5i08XTWmA5qzfotAaFNRm0k.ZmCcpk95TdiN9zo4tAUH2nKHTCGST32gjhGyAHAli8A&dib_tag=se&keywords=ps5&qid=1737908108&sr=8-16,
https://www.amazon.fr/Sony-PlayStation®5-Fortnite®-Manette-DualSense/dp/B0DK9RQ6RK/ref=pd_vtp_d_sccl_1_2/257-7488903-9960936?pd_rd_w=KLebF&content-id=amzn1.sym.c48e03cc-9710-454a-8c99-98369a5012fc&pf_rd_p=c48e03cc-9710-454a-8c99-98369a5012fc&pf_rd_r=M40X38PF4PHWVBHEZZBD&pd_rd_wg=PTBN3&pd_rd_r=844a01f4-cc63-4054-9c96-17bb2d1b2f58&pd_rd_i=B0DK9RQ6RK&psc=1,
https://www.amazon.fr/Console-PlayStation-5-Numérique-Slim/dp/B0CLTBHXWQ/ref=pd_vtp_d_sccl_1_5/257-7488903-9960936?pd_rd_w=KLebF&content-id=amzn1.sym.c48e03cc-9710-454a-8c99-98369a5012fc&pf_rd_p=c48e03cc-9710-454a-8c99-98369a5012fc&pf_rd_r=M40X38PF4PHWVBHEZZBD&pd_rd_wg=PTBN3&pd_rd_r=844a01f4-cc63-4054-9c96-17bb2d1b2f58&pd_rd_i=B0CLTBHXWQ&th=1,
https://www.amazon.fr/PlayStation-Digital-Manette-DualSense-Couleur/dp/B08H98GVK8/ref=pd_sbs_d_sccl_2_4/257-7488903-9960936?pd_rd_w=fKVdw&content-id=amzn1.sym.a342661c-23b0-4281-ad17-d3905fac2c6a&pf_rd_p=a342661c-23b0-4281-ad17-d3905fac2c6a&pf_rd_r=H4GNNZEBE1FYZG75N628&pd_rd_wg=DrweM&pd_rd_r=9c1a40b8-79af-4817-b4bc-75a521ed278d&pd_rd_i=B08H98GVK8&psc=1,
https://www.amazon.fr/Playstation-5-Digital-Slim-Nordic/dp/B0CNKHDL5M/ref=pd_sbs_d_sccl_1_2/257-7488903-9960936?pd_rd_w=TSbXM&content-id=amzn1.sym.a342661c-23b0-4281-ad17-d3905fac2c6a&pf_rd_p=a342661c-23b0-4281-ad17-d3905fac2c6a&pf_rd_r=32BQEHF2PNZ9CBW2KKQ0&pd_rd_wg=qaccD&pd_rd_r=13831219-2628-43ee-901b-97832a8fd1c5&pd_rd_i=B0CNKHDL5M&psc=1,
https://www.amazon.fr/Playstation®5-Digital-slim-Fortnite®-Cobalt/dp/B0DK9SN8G1/ref=pd_vtp_d_sccl_1_3/257-7488903-9960936?pd_rd_w=sqGR0&content-id=amzn1.sym.c48e03cc-9710-454a-8c99-98369a5012fc&pf_rd_p=c48e03cc-9710-454a-8c99-98369a5012fc&pf_rd_r=GKRQRB8PJM4KF4PYRTZ0&pd_rd_wg=TVUG2&pd_rd_r=20c71034-441f-4665-b653-1c368e7880e9&pd_rd_i=B0DK9SN8G1&psc=1,
https://www.amazon.fr/Sony-PlayStation®5-Fortnite®-Manette-DualSense/dp/B0DK9RQ6RK/ref=bmx_dp_qe5h2p5n_d_sccl_3_5/257-7488903-9960936?pd_rd_w=tXSEz&content-id=amzn1.sym.b0c5bd2a-18ac-44bb-b4ad-606b9e4f6e4f&pf_rd_p=b0c5bd2a-18ac-44bb-b4ad-606b9e4f6e4f&pf_rd_r=0VFP37GKY679Y0M5SSSA&pd_rd_wg=qzma5&pd_rd_r=21107659-4fa9-48e2-8757-cc266aa88533&pd_rd_i=B0DK9RQ6RK&psc=1,
https://www.amazon.fr/Sony-PlayStation-Manette-DualSense-Couleur/dp/B0DHSV68YZ/ref=pd_sbs_d_sccl_2_1/257-7488903-9960936?pd_rd_w=OE9xf&content-id=amzn1.sym.a342661c-23b0-4281-ad17-d3905fac2c6a&pf_rd_p=a342661c-23b0-4281-ad17-d3905fac2c6a&pf_rd_r=0VFP37GKY679Y0M5SSSA&pd_rd_wg=qzma5&pd_rd_r=21107659-4fa9-48e2-8757-cc266aa88533&pd_rd_i=B0DHSV68YZ&psc=1,
https://www.amazon.fr/PlayStation-Édition-Anniversaire-Numérique-DualSense/dp/B0DJDF4XKN/ref=pd_sbs_d_sccl_2_4/257-7488903-9960936?pd_rd_w=clB46&content-id=amzn1.sym.a342661c-23b0-4281-ad17-d3905fac2c6a&pf_rd_p=a342661c-23b0-4281-ad17-d3905fac2c6a&pf_rd_r=EKEBS4HVR9Z3QRAWY3VQ&pd_rd_wg=YeusI&pd_rd_r=5fbe88b4-df91-4237-92d2-f06e616e78be&pd_rd_i=B0DJDF4XKN&psc=1,
https://www.amazon.fr/Sony-Blu-Ray-Disc-825GB-Ragnarok/dp/B0BVKZFXVF/ref=sr_1_12?__mk_fr_FR=ÅMÅŽÕÑ&crid=1D72O7L29R5FG&dib=eyJ2IjoiMSJ9.REo3-u8S1kuPIFTfcZpqu6Hx7K-GXAhWdSGD6n-801sD77pb3JUE9lXcrAVP9cvZETuYQf8CrKVxa2iUVVucyFre8Vpt-WVt6PuH4-RR2ca_ndlqG1T76wVIbvUZbbVuktrasP-DPoLIBgVdVporA0Be7Pm-ysT7-ZrCsZsAt_zTJBu-k-rUylaZBTKfCgy5DaAv6aZOrt_oJ9G7a0vCarP59mb47XQz-jSQFyZmO8E.gbuXEoC3q3TWvKqHVfWVG3yxRdbYmyHumRmMDk90m84&dib_tag=se&keywords=ps5&qid=1737908553&rnid=184896031&s=videogames&sprefix=ps5+%2Cvideogames%2C104&sr=1-12,
https://www.amazon.fr/Playstation-Sony-Manette-DualSense-Couleur-dp-B0CLT54ZNZ/dp/B0CLT54ZNZ/ref=dp_ob_title_vg,
https://www.amazon.fr/Playstation-Console-Disc-SLIM-PS5/dp/B0CQPMYTVM/ref=pd_sbs_d_sccl_3_7/257-7488903-9960936?pd_rd_w=HEU28&content-id=amzn1.sym.a342661c-23b0-4281-ad17-d3905fac2c6a&pf_rd_p=a342661c-23b0-4281-ad17-d3905fac2c6a&pf_rd_r=2QZ4Z0NCYZBGCREVNVKS&pd_rd_wg=nJyAE&pd_rd_r=17ea67ff-cb0e-4e30-b871-21adf048c4a9&pd_rd_i=B0CQPMYTVM&psc=1
https://www.amazon.fr/PlayStation-Digital-Manette-DualSense-Couleur/dp/B09BY84W7H/ref=pd_sbs_d_sccl_1_7/257-7488903-9960936?pd_rd_w=nvo3b&content-id=amzn1.sym.a342661c-23b0-4281-ad17-d3905fac2c6a&pf_rd_p=a342661c-23b0-4281-ad17-d3905fac2c6a&pf_rd_r=TF8EE3KM8GCTB4SGEFWG&pd_rd_wg=qR8y8&pd_rd_r=9f77d33a-8fb1-4c66-b218-b97e15b1aa5b&pd_rd_i=B09BY84W7H&psc=1,
https://www.amazon.fr/Sony-PlayStation®5-Fortnite®-Manette-DualSense/dp/B0DK9RQ6RK/ref=pd_vtp_h_pd_vtp_h_d_sccl_5/257-7488903-9960936?pd_rd_w=ZG85X&content-id=amzn1.sym.f66a82f4-7276-4231-ba6b-c00184d21fe0&pf_rd_p=f66a82f4-7276-4231-ba6b-c00184d21fe0&pf_rd_r=N4NQ54T143P1RTWQAMVA&pd_rd_wg=RFwfT&pd_rd_r=d8dcd0d4-d533-4d10-bdf9-b8bb8e432d5f&pd_rd_i=B0DK9RQ6RK&psc=1,
https://www.amazon.fr/Playstation-Sony-Manette-DualSense-Couleur/dp/B0CLT54ZNZ/ref=pd_vtp_d_sccl_1_1/257-7488903-9960936?pd_rd_w=DUSNQ&content-id=amzn1.sym.c48e03cc-9710-454a-8c99-98369a5012fc&pf_rd_p=c48e03cc-9710-454a-8c99-98369a5012fc&pf_rd_r=ACMW3DK0DRM5M3Q156VT&pd_rd_wg=AVztF&pd_rd_r=1f01196f-115c-44f5-88e7-f7720c75c749&pd_rd_i=B0CLT54ZNZ&psc=1,
https://www.amazon.fr/Playstation-Console-Disc-SLIM-PS5/dp/B0CQPMYTVM/ref=pd_sbs_d_sccl_2_7/257-7488903-9960936?pd_rd_w=Lsew0&content-id=amzn1.sym.a342661c-23b0-4281-ad17-d3905fac2c6a&pf_rd_p=a342661c-23b0-4281-ad17-d3905fac2c6a&pf_rd_r=6V2MEFNF8VXAGYH73C6P&pd_rd_wg=di4BR&pd_rd_r=0c3ef5ca-ba47-4ad1-bcc1-5f53463b6601&pd_rd_i=B0CQPMYTVM&psc=1,
https://www.amazon.fr/Playstation-Sony-Manette-DualSense-Couleur/dp/B0CLT54ZNZ/ref=pd_sbs_d_sccl_2_1/257-7488903-9960936?pd_rd_w=9NqGn&content-id=amzn1.sym.a342661c-23b0-4281-ad17-d3905fac2c6a&pf_rd_p=a342661c-23b0-4281-ad17-d3905fac2c6a&pf_rd_r=TGRB2G7B4WR4DTNKGJAH&pd_rd_wg=gjwRT&pd_rd_r=8a1f8db0-1fd3-446b-b0c7-286c2e7e9f7d&pd_rd_i=B0CLT54ZNZ&psc=1,
https://www.amazon.fr/PlayStation-Standard-Spiderman-Téléchargement-DualSense/dp/B0CQRQGN9P/ref=pd_sbs_d_sccl_2_2/257-7488903-9960936?pd_rd_w=Hwiab&content-id=amzn1.sym.a342661c-23b0-4281-ad17-d3905fac2c6a&pf_rd_p=a342661c-23b0-4281-ad17-d3905fac2c6a&pf_rd_r=NKV7VHMR2HM7JX40WP2A&pd_rd_wg=uaAqD&pd_rd_r=69c5fcc8-f0ab-49ee-a0cc-be2485d82784&pd_rd_i=B0CQRQGN9P&psc=1,
https://www.amazon.fr/Playstation-Pack-PS5-SPORTS-téléchargement/dp/B0CGV4SBDL/ref=pd_sbs_d_sccl_2_7/257-7488903-9960936?pd_rd_w=Gah6E&content-id=amzn1.sym.a342661c-23b0-4281-ad17-d3905fac2c6a&pf_rd_p=a342661c-23b0-4281-ad17-d3905fac2c6a&pf_rd_r=RFRYTWNHJT1H7Y25G0V0&pd_rd_wg=rk4kx&pd_rd_r=1d805ccc-b060-47a8-acd7-0453a9eb5e3f&pd_rd_i=B0CGV4SBDL&psc=1,
https://www.amazon.fr/Sony-Playstation-Disc-FIFA-blanc/dp/B0BFFTFBR2/ref=pd_sbs_d_sccl_2_4/257-7488903-9960936?pd_rd_w=SpPEK&content-id=amzn1.sym.a342661c-23b0-4281-ad17-d3905fac2c6a&pf_rd_p=a342661c-23b0-4281-ad17-d3905fac2c6a&pf_rd_r=D8SJN8SG26468G2PAAFV&pd_rd_wg=5wUTB&pd_rd_r=194601ed-3f52-4fbf-a507-7400928496a3&pd_rd_i=B0BFFTFBR2&psc=1,
https://www.amazon.fr/Console-standard-PlayStation-Dualsense-compatibles/dp/B0BKX48NZ9/ref=pd_sbs_d_sccl_1_5/257-7488903-9960936?pd_rd_w=a9W7V&content-id=amzn1.sym.a342661c-23b0-4281-ad17-d3905fac2c6a&pf_rd_p=a342661c-23b0-4281-ad17-d3905fac2c6a&pf_rd_r=NT1AYE27YMDP64JMFSQ2&pd_rd_wg=Vp2Yk&pd_rd_r=c0c0a14c-a989-4c0a-a319-1719354a0266&pd_rd_i=B0BKX48NZ9&psc=1,
https://www.amazon.fr/Playstation-9395003-PlayStation-5-Consoles/dp/B08H95Y452/ref=pd_sbs_d_sccl_1_3/257-7488903-9960936?pd_rd_w=GUWqE&content-id=amzn1.sym.a342661c-23b0-4281-ad17-d3905fac2c6a&pf_rd_p=a342661c-23b0-4281-ad17-d3905fac2c6a&pf_rd_r=QQWXCR9NQ4V51JNKWXVT&pd_rd_wg=joEDd&pd_rd_r=43e9770f-3c90-4eea-bcc7-61551423677f&pd_rd_i=B08H95Y452&psc=1,
https://www.amazon.fr/PlayStation-Standard-Spiderman-Téléchargement-DualSense/dp/B0CQRQGN9P/ref=pd_sbs_d_sccl_1_7/257-7488903-9960936?pd_rd_w=GUWqE&content-id=amzn1.sym.a342661c-23b0-4281-ad17-d3905fac2c6a&pf_rd_p=a342661c-23b0-4281-ad17-d3905fac2c6a&pf_rd_r=QQWXCR9NQ4V51JNKWXVT&pd_rd_wg=joEDd&pd_rd_r=43e9770f-3c90-4eea-bcc7-61551423677f&pd_rd_i=B0CQRQGN9P&psc=1,
https://www.amazon.fr/Console-PlayStation-Édition-limitée-Spider-Man/dp/B0CCYVQCJ4/ref=pd_sbs_d_sccl_2_5/257-7488903-9960936?pd_rd_w=bqwYV&content-id=amzn1.sym.a342661c-23b0-4281-ad17-d3905fac2c6a&pf_rd_p=a342661c-23b0-4281-ad17-d3905fac2c6a&pf_rd_r=J6W9MBMNR501WGV68Y9Q&pd_rd_wg=sbHzQ&pd_rd_r=cff2850d-149f-4d04-becf-bd500458b3b5&pd_rd_i=B0CCYVQCJ4&psc=1,
